generation,bdm_mean
0.5,228.20132899552365
1.5,226.1465165195748
2.5,223.77478571489837
3.5,225.08894879343939
4.5,224.91849900332647
5.5,223.68171021560522
